-3.34361,-0.663696,-3.34361,-0.663696,1
-3.07499,-1.10168,-3.07499,-1.10168,1
3.78188,-1.75166,3.78188,-1.75166,1
-4.63949,0.344682,3.78188,-1.75166,0
3.03836,-3.14048,3.03836,-3.14048,1
0.376749,0.51829,0.376749,0.51829,1
4.08729,-1.05295,4.08729,-1.05295,1
-3.59068,-0.406163,-3.59068,-0.406163,1
-4.38957,1.7785,-3.59068,-0.406163,0
0.940142,2.49478,0.940142,2.49478,1
-4.94743,2.20822,-4.94743,2.20822,1
-1.89629,0.479269,-1.89629,0.479269,1
-3.34361,-0.663696,-3.34361,-0.663696,1
-3.07484,-1.10163,-3.07484,-1.10163,1
3.77796,-1.75201,3.77796,-1.75201,1
-4.63975,0.344161,3.77796,-1.75201,0
3.03909,-3.141,3.03909,-3.141,1
0.391479,0.491788,0.391479,0.491788,1
4.08612,-1.04925,4.08612,-1.04925,1
-3.59071,-0.406157,-3.59071,-0.406157,1
-3.53915,1.72437,-3.53915,1.72437,1
0.940142,2.49478,0.940142,2.49478,1
-4.94743,2.20822,-4.94743,2.20822,1
-3.34265,-0.663982,-3.34265,-0.663982,1
-2.91052,1.42715,-2.91052,1.42715,1
-1.89631,0.479269,-1.89631,0.479269,1
-3.3436,-0.66367,-3.3436,-0.66367,1
-3.3436,-0.66367,-3.3436,-0.66367,1
-3.07497,-1.10159,-3.07497,-1.10159,1
3.77795,-1.75201,3.77795,-1.75201,1
-4.59536,0.374323,3.77795,-1.75201,0
-3.07497,-1.10159,-3.07497,-1.10159,1
3.77795,-1.75201,3.77795,-1.75201,1
-4.59536,0.374323,3.77795,-1.75201,0
3.03909,-3.141,3.03909,-3.141,1
0.391474,0.491791,0.391474,0.491791,1
4.08611,-1.04925,4.08611,-1.04925,1
-3.59415,-0.405078,-3.59415,-0.405078,1
-3.53915,1.72437,-3.53915,1.72437,1
0.940143,2.49478,0.940143,2.49478,1
-4.94743,2.20822,-4.94743,2.20822,1
-2.33921,0.855522,-2.33921,0.855522,1
-2.4545,1.26045,-2.4545,1.26045,1
-1.73558,3.04365,-2.4545,1.26045,0
-1.69369,3.12025,-2.4545,1.26045,0
-1.64848,3.19948,-2.4545,1.26045,0
4.18161,-0.168097,4.18161,-0.168097,1
-1.94189,-2.02221,-1.94189,-2.02221,1
0.876905,0.933611,0.876905,0.933611,1
-2.91053,1.42715,-2.91053,1.42715,1
-1.89631,0.479268,-1.89631,0.479268,1
-3.34361,-0.663696,-3.34361,-0.663696,1
-3.07499,-1.10168,-3.07499,-1.10168,1
3.77795,-1.75201,3.77795,-1.75201,1
-4.63974,0.344161,3.77795,-1.75201,0
3.03836,-3.14048,3.03836,-3.14048,1
0.377149,0.5249,0.377149,0.5249,1
4.08612,-1.04925,4.08612,-1.04925,1
-3.59071,-0.406157,-3.59071,-0.406157,1
-4.38957,1.7785,-3.59071,-0.406157,0
0.940142,2.49478,0.940142,2.49478,1
-4.94743,2.20822,-4.94743,2.20822,1
-2.33921,0.855522,-2.33921,0.855522,1
-2.45339,1.26711,-2.45339,1.26711,1
-1.72748,3.05772,-2.45339,1.26711,0
-1.68465,3.13569,-2.45339,1.26711,0
-1.64675,3.20211,-2.45339,1.26711,0
4.18161,-0.168097,4.18161,-0.168097,1
-1.9419,-2.02221,-1.9419,-2.02221,1
0.876905,0.933611,0.876905,0.933611,1
-2.91053,1.42715,-2.91053,1.42715,1
-1.89631,0.479269,-1.89631,0.479269,1
-3.3436,-0.66367,-3.3436,-0.66367,1
-3.34361,-0.663696,-3.34361,-0.663696,1
-3.07499,-1.10168,-3.07499,-1.10168,1
3.77795,-1.75201,3.77795,-1.75201,1
-4.63974,0.344161,3.77795,-1.75201,0
3.03836,-3.14048,3.03836,-3.14048,1
0.391465,0.491797,0.391465,0.491797,1
4.08612,-1.04925,4.08612,-1.04925,1
-3.59071,-0.406157,-3.59071,-0.406157,1
-4.38957,1.7785,-3.59071,-0.406157,0
0.940143,2.49478,0.940143,2.49478,1
-4.94743,2.20822,-4.94743,2.20822,1
